elevation_ft,wet_polygons,pool_sqmi,seconds
3370.0,237,28.19,4.4
3380.0,232,30.6,3.3
3390.0,241,32.53,3.4
3400.0,266,37.46,3.4
3410.0,267,41.01,3.5
3420.0,294,43.43,3.8
3430.0,318,45.91,3.7
3440.0,318,50.42,3.4
3450.0,371,53.78,3.3
3460.0,404,57.85,3.6
3470.0,412,61.75,3.5
3480.0,412,66.35,3.5
3490.0,437,70.74,3.4
3500.0,476,75.65,3.4
3510.0,492,81.04,3.4
3520.0,528,86.64,3.5
3530.0,559,92.09,3.6
3540.0,539,97.8,3.4
3550.0,602,103.93,3.4
3560.0,589,110.41,3.5
3570.0,617,117.28,3.5
3580.0,622,124.3,3.6
3590.0,595,131.48,3.5
3600.0,588,140.37,3.5
3610.0,725,149.86,3.3
3620.0,626,161.33,3.5
3630.0,662,171.62,3.8
3640.0,704,182.27,3.6
3650.0,701,192.05,3.4
3660.0,748,202.6,3.4
3670.0,750,213.1,3.5
3680.0,766,224.35,3.4
3690.0,766,236.26,3.4
3700.0,777,247.36,3.2
