digits,line_weight,length_km,total_cost,river_crossings
00,0.0,53.7,650456.3,4
01,0.005,53.71,651291.2,4
02,0.01,53.7,652118.0,4
03,0.015,53.7,652936.9,4
04,0.02,53.71,653745.9,4
05,0.025,53.71,654544.5,4
06,0.03,53.71,655335.5,4
07,0.035,53.71,656119.2,4
08,0.04,53.72,656895.8,4
09,0.045,53.72,657666.2,4
10,0.05,53.73,658431.8,4
11,0.055,53.74,659192.9,4
12,0.06,53.74,659949.2,4
13,0.065,53.75,660701.1,4
14,0.07,53.76,661448.9,4
15,0.075,53.77,662192.9,4
16,0.08,53.77,662932.7,4
17,0.085,53.78,663668.2,4
18,0.09,53.79,664400.2,4
19,0.095,53.8,665128.8,4
20,0.1,53.8,665853.4,4
21,0.105,53.81,666574.6,4
22,0.11,53.81,667292.6,4
23,0.115,53.82,668007.8,4
24,0.12,53.82,668720.1,4
25,0.125,53.83,669429.6,4
26,0.13,53.83,670136.4,4
27,0.135,53.83,670840.7,4
28,0.14,53.84,671542.2,4
29,0.145,53.84,672241.4,4
30,0.15,53.84,672938.4,4
31,0.155,53.85,673633.1,4
32,0.16,53.85,674325.8,4
33,0.165,53.85,675016.8,4
34,0.17,53.86,675705.8,4
35,0.175,53.86,676393.2,4
36,0.18,53.87,677078.9,4
37,0.185,53.87,677762.9,4
38,0.19,53.87,678445.2,4
39,0.195,53.87,679126.2,4
40,0.2,53.88,679805.8,4
41,0.205,53.88,680483.6,4
42,0.21,53.88,681159.6,4
43,0.215,53.89,681833.9,4
44,0.22,53.89,682506.4,4
45,0.225,53.89,683176.8,4
46,0.23,53.9,683844.2,4
47,0.235,53.9,684507.9,4
48,0.24,53.91,685166.1,4
49,0.245,53.91,685816.8,4
50,0.25,53.92,686456.9,4
51,0.255,53.93,687083.5,4
52,0.26,54.34,687695.2,4
53,0.265,54.33,688292.8,4
54,0.27,54.34,688878.9,4
55,0.275,54.34,689456.5,4
56,0.28,54.34,690028.4,4
57,0.285,54.34,690596.5,4
58,0.29,54.34,691162.1,4
59,0.295,54.34,691725.5,4
60,0.3,54.35,692286.7,4
61,0.305,54.36,692845.6,4
62,0.31,54.37,693401.6,4
63,0.315,54.68,693952.6,4
64,0.32,54.68,694499.2,4
65,0.325,54.68,695041.8,4
66,0.33,54.68,695580.4,4
67,0.335,54.68,696114.8,4
68,0.34,54.68,696645.2,4
69,0.345,54.68,697171.9,4
70,0.35,54.68,697695.1,4
71,0.355,54.68,698215.2,4
72,0.36,54.68,698732.5,4
73,0.365,54.68,699247.2,4
74,0.37,54.68,699759.8,4
75,0.375,54.69,700270.4,4
76,0.38,54.69,700779.3,4
77,0.385,54.7,701286.5,4
78,0.39,54.7,701792.2,4
79,0.395,54.7,702296.6,4
80,0.4,54.71,702799.6,4
81,0.405,54.71,703301.3,4
82,0.41,54.71,703801.9,4
83,0.415,54.71,704301.2,4
84,0.42,54.72,704799.1,4
85,0.425,54.72,705295.5,4
86,0.43,54.79,705790.2,4
87,0.435,54.82,706283.2,4
88,0.44,54.92,706774.0,4
89,0.445,54.95,707262.6,4
90,0.45,54.96,707748.9,4
91,0.455,54.97,708232.8,4
92,0.46,54.98,708714.4,4
93,0.465,54.99,709193.8,4
94,0.47,54.99,709671.0,4
95,0.475,55.0,710146.2,4
96,0.48,55.0,710619.7,4
97,0.485,55.0,711091.5,4
98,0.49,55.01,711562.0,4
99,0.495,55.01,712031.4,4
